Company,Year,Total Revenue (USD Millions),Net Income (USD Millions),Total Assets (USD Millions),Total Liabilities (USD Millions),Cash Flow from Operating Activities (USD Millions)
Microsoft,2023,211915,72361,411976,205753,87582
Microsoft,2024,245122,88136,512163,243686,118548
Microsoft,2025,270000,96000,560000,265000,130000
Tesla,2023,96773,14974,106618,43110,13256
Tesla,2024,97690,7091,122070,49056,14923
Tesla,2025,102000,5500,135000,54000,12000
Apple,2023,383285,96995,352583,290020,113190
Apple,2024,391035,93736,364980,308030,118254
Apple,2025,400000,97000,375000,315000,122000
